<?xml version="1.0" encoding="UTF-8"?>
<ControllerSettings version="1.0">
  <DateTime timeZone="" timeServer="">
    <!--The value of timeServer should be timeserver's URL/IP address-->
    <!--The value of timeZone must match text in column TZ in file zone.tab under RobotWareXXX/system/timezone-->
  </DateTime>
  <WAN type="FIXED" ip="11.1.48.54" subnetMask="255.255.255.0" defaultGateway="1.0.0.0">
    <!--WAN type can be FIXED, DHCP or NONE-->
  </WAN>
  <ControllerInfo name="CoRobot_LabStand" id="14000-501513" type="1"/>
  <UASSettings>
    <!--The following files are included in UAS settings-->
    <!--<File name="uas_users.xml"/>-->
    <!--<File name="uas_groups.xml"/>-->
    <!--<File name="uas_groups_template.xml"/>-->
  </UASSettings>
</ControllerSettings>
