<?xml version='1.0' encoding='UTF-8'?>
<system creation-date="2018-07-12 16:52:02" desc="14000-501513" enable="False" id="60640d94-f160-40af-ace4-9ecedc111f51" last-modified-date="" name="14000-501513"><applications><application name="RobotWare" version="6.07.1011"><settings><setting-file path="/hd0a/14000-501513/INTERNAL/controller.rsf" /><system-xml path="/hd0a/14000-501513/system.xml" /><key-id path="/hd0a/14000-501513/INTERNAL/key.id" /></settings></application><application name="SmartGripper" version="3.54.0000.00"><settings><setting-file path="/hd0a/14000-501513/INTERNAL/controller.rsf" /><system-xml path="/hd0a/14000-501513/system.xml" /><key-id path="/hd0a/14000-501513/INTERNAL/key.id" /></settings></application></applications></system>