<?xml version="1.0" encoding="iso-8859-1"?>
<Version>
  <Major>6</Major>
  <Minor>07</Minor>
  <Build>1011</Build>
  <Revision>01</Revision>
  <SubRevision>00</SubRevision>
  <BuildTag></BuildTag>
  <VersionName>6.07.01.00</VersionName>
  <RobAPICompatibilityRevision>0</RobAPICompatibilityRevision>
  <Title>RobotWare</Title>
  <Type>RobotWare</Type>
  <Description>Controller Software</Description>
  <Date>2018-06-14</Date>
  <MCTimeStamp>#16:39:49/jun 14 2018#</MCTimeStamp>
</Version>